{
  "model_metrics": {
    "MAE": 14067.489750000002,
    "RMSE": 17426.885444885174,
    "R2": 0.2036653368235386
  },
  "feature_importances": {
    "Monthly_Income": 0.5175480034350026,
    "Existing_Loan_Amount": 0.1300390711954952,
    "Credit_Score": 0.11783091966486808,
    "Age": 0.09877432779759956,
    "Loan_Tenure_Years": 0.07865621874978113,
    "Num_of_Dependents": 0.05715145915725338
  },
  "feature_columns": [
    "Age",
    "Monthly_Income",
    "Credit_Score",
    "Loan_Tenure_Years",
    "Existing_Loan_Amount",
    "Num_of_Dependents"
  ],
  "target_column": "Loan_Amount"
}